Fund Name,P1,P2,P3,P4,P5,Topsis Score,Rank
M1,0.88,0.77,4.8,68.0,18.61,0.4337837578439692,4.0
M2,0.89,0.79,4.0,42.3,12.0,0.40153283903817844,2.0
M3,0.94,0.88,4.4,37.8,11.01,0.42437622760613536,3.0
M4,0.69,0.48,7.0,31.6,9.94,0.6280027329298921,8.0
M5,0.93,0.86,5.3,67.5,18.65,0.44562832816632353,5.0
M6,0.9,0.81,6.1,53.0,15.2,0.5138330715889217,6.0
M7,0.67,0.45,5.7,44.3,12.78,0.5888992589659655,7.0
M8,0.76,0.58,3.4,56.7,15.36,0.3989163561888429,1.0
