Fund Name,P1,P2,P3,P4,P5,Topsis Score,Rank
M1,0.88,0.77,4.8,68.0,18.61,0.5034008034261575,5.0
M2,0.89,0.79,4.0,42.3,12.0,0.6145279793913793,8.0
M3,0.94,0.88,4.4,37.8,11.01,0.592046996671435,6.0
M4,0.69,0.48,7.0,31.6,9.94,0.438790713661632,1.0
M5,0.93,0.86,5.3,67.5,18.65,0.4866361836658639,4.0
M6,0.9,0.81,6.1,53.0,15.2,0.4487215877111348,2.0
M7,0.67,0.45,5.7,44.3,12.78,0.4602068873503035,3.0
M8,0.76,0.58,3.4,56.7,15.36,0.5987448637161371,7.0
